Student,ID,SIS User ID,SIS Login ID,Root Account,Section,Notes,"Course Welcome: Some Math, Some Chemistry (4153987)",Week 1 -- Problem Set 1 (4182128),Week 1 -- Problem Set 2 (4182683),Week 2 - Chap 1-3 Assessment (4191340),HOMEWORK: Book Chapters 1-4 Exam Practice (4195993),Exam #2  Practice Set #2 (Graded) (4220900),Problem Set #5 on Gases (Chap 8) (4237292),Exam #3 Practice Set 1 (4254936),Exam #3 Practice Set 2 (4255812),Laboratory Experiment 1a: Making Measurements (4190389),[Extra Credit Opportunity]-- Pre-Lab Quiz: Experiment 9a  Solutions and Dilutions (4250091),Laboratory Experiment 4A Reports Submission (4209191),[Extra Credit Opportunity]-- Pre-Lab Quiz: Experiment 8a  Gas Constant R Determination (4237633),Laboratory Experiment 4B Reports Submission (4214259),Laboratory Experiment 5A Reports Submission (4216384),Lab Experiment 6a Report Submissions (4226909),Lab Experiment 7a Report Submissions (4227474),Laboratory Experiment 8a Reports Submission (4238597),Lab Experiment 9a Report Submission (4258641),Lab Experiment 10a Report Submission (4258688),Laboratory Experiment 11a Report Submission Link (4266933),Laboratory Experiment 12b: Determination of Citric Acid Report Submission (4277811),Midterm Exam #1 (4225442),Midterm Exam #2 (4234837),Midterm Exam #3 (4264853),Midterm Exam #4 (4285017),Exam 1 Retake (4299522),Exam 2 Retake (4299529),Exam 3 Retake (4299600),Lab Practical (4299667),3A Final Exam (4309693),Roll Call Attendance (4172558),⚛️Pre-Lab Quiz - Exp 7a - Calorimetry (4211402),📊 Data Report - EXP 7A - Calorimetry (4211413),"⚛️Pre-Lab Quiz - Exp 8a - Determination of the Ideal Gas Constant, R (4238518)",📊 Data Report - Exp 11a - Synthesis of Alum (4211417),⚛️Pre-Lab Quiz - Exp 12b - Determination of Citric Acid in Soda (4211407),Exam #4 Practice Set 1 (4273746),Exam #4 Practice Set 2 (4275406),Homework/Problem Sets (15% Weight)   <== SUBMIT HOMEWORK UNDER THIS HEADING Current Score,Homework/Problem Sets (15% Weight)   <== SUBMIT HOMEWORK UNDER THIS HEADING Unposted Current Score,Homework/Problem Sets (15% Weight)   <== SUBMIT HOMEWORK UNDER THIS HEADING Final Score,Homework/Problem Sets (15% Weight)   <== SUBMIT HOMEWORK UNDER THIS HEADING Unposted Final Score,Lab Reports (15% Weight) <== SUBMIT LAB REPORTS UNDER THIS HEADING Current Score,Lab Reports (15% Weight) <== SUBMIT LAB REPORTS UNDER THIS HEADING Unposted Current Score,Lab Reports (15% Weight) <== SUBMIT LAB REPORTS UNDER THIS HEADING Final Score,Lab Reports (15% Weight) <== SUBMIT LAB REPORTS UNDER THIS HEADING Unposted Final Score,Midterms (55% Weight) Current Score,Midterms (55% Weight) Unposted Current Score,Midterms (55% Weight) Final Score,Midterms (55% Weight) Unposted Final Score,Lab Practical (5% Weight) Current Score,Lab Practical (5% Weight) Unposted Current Score,Lab Practical (5% Weight) Final Score,Lab Practical (5% Weight) Unposted Final Score,Final Exam (10% Weight) Current Score,Final Exam (10% Weight) Unposted Current Score,Final Exam (10% Weight) Final Score,Final Exam (10% Weight) Unposted Final Score,Assignments Current Score,Assignments Unposted Current Score,Assignments Final Score,Assignments Unposted Final Score,My Open Math Interactive Forms (DO NOT SUBMIT WORK UNDER THIS HEADING) Current Score,My Open Math Interactive Forms (DO NOT SUBMIT WORK UNDER THIS HEADING) Unposted Current Score,My Open Math Interactive Forms (DO NOT SUBMIT WORK UNDER THIS HEADING) Final Score,My Open Math Interactive Forms (DO NOT SUBMIT WORK UNDER THIS HEADING) Unposted Final Score,Current Score,Unposted Current Score,Final Score,Unposted Final Score
    Points Possible,,,,,,,2.00,25.00,79.00,25.00,25.00,71.00,75.00,200.00,200.00,200.00,0.00,200.00,0.00,200.00,200.00,200.00,200.00,200.00,200.00,200.00,200.00,200.00,100.00,100.00,100.00,100.00,100.00,100.00,100.00,100.00,100.00,100.00,0.00,0.00,10.00,100.00,0.00,0.00,0.00,(read only),(read only),(read only),(read only),(read only),(read only),(read only),(read only),(read only),(read only),(read only),(read only),(read only),(read only),(read only),(read only),(read only),(read only),(read only),(read only),(read only),(read only),(read only),(read only),(read only),(read only),(read only),(read only),(read only),(read only),(read only),(read only)
"Andrade, Aaron",175317,0694264,0694264,scccd.instructure.com,CHEM-3A-43957-2025FA,,2.00,25.00,75.00,23.00,25.00,68.00,75.00,0.00,190.48,200.00,40.00,192.00,30.00,197.00,145.00,195.00,200.00,0.00,0.00,180.00,195.00,188.00,73.30,68.30,85.90,62.40,N/A,N/A,N/A,46.00,48.00,95.00,,,,,,0.00,0.00,97.76,97.76,97.76,97.76,88.10,88.10,88.10,88.10,72.48,72.48,72.48,72.48,46.00,46.00,46.00,46.00,48.00,48.00,48.00,48.00,,,,,,,,,74.84,74.84,74.84,74.84
"Aquino, Hailey",201689,0873290,0873290,scccd.instructure.com,CHEM-3A-43957-2025FA,,2.00,25.00,73.00,19.00,24.00,68.00,70.00,198.25,195.24,200.00,,200.00,24.00,199.00,200.00,197.00,190.00,199.00,200.00,198.00,200.00,0.00,84.00,96.30,96.50,89.40,N/A,N/A,N/A,58.00,84.00,98.00,,,,33.60,,,,94.58,94.58,94.58,94.58,100.35,100.35,100.35,100.35,91.55,91.55,91.55,91.55,58.00,58.00,58.00,58.00,84.00,84.00,84.00,84.00,,,,,,,,,90.89,90.89,90.89,90.89
"Arellano Cruz, Ashley",393462,1016534,1016534,scccd.instructure.com,CHEM-3A-43958-2025FA,,2.00,25.00,78.00,21.00,23.00,59.00,75.00,184.21,0.00,200.00,40.00,175.00,16.00,0.00,145.00,179.00,200.00,180.00,187.00,196.00,199.00,172.00,30.00,39.00,42.00,50.60,N/A,N/A,N/A,50.00,42.00,88.00,,,,,,0.00,,96.97,96.97,96.97,96.97,94.45,94.45,94.45,94.45,40.40,40.40,40.40,40.40,50.00,50.00,50.00,50.00,42.00,42.00,42.00,42.00,,,,,,,,,57.63,57.63,57.63,57.63
"Becerril, Destiny",459381,1070102,1070102,scccd.instructure.com,CHEM-3A-43958-2025FA,,2.00,0.00,75.00,19.00,23.00,65.00,0.00,0.00,0.00,200.00,40.00,170.00,30.00,197.00,165.00,187.00,195.00,120.00,177.00,0.00,0.00,0.00,56.00,48.80,47.10,77.60,N/A,N/A,N/A,50.00,56.00,100.00,,,,,,,,81.06,81.06,81.06,81.06,74.05,74.05,74.05,74.05,57.38,57.38,57.38,57.38,50.00,50.00,50.00,50.00,56.00,56.00,56.00,56.00,,,,,,,,,62.92,62.92,62.92,62.92
"Bryant, Taj",454593,1065569,1065569,scccd.instructure.com,CHEM-3A-43958-2025FA,,2.00,25.00,72.00,22.00,25.00,65.00,75.00,192.98,195.24,200.00,40.00,200.00,30.00,191.00,200.00,193.00,195.00,199.00,190.00,198.00,199.00,198.00,EX,59.80,58.80,58.80,82.10,N/A,N/A,53.00,48.00,100.00,0.00,,7.00,82.00,10.00,,,95.96,95.96,95.96,95.96,102.15,102.15,102.15,102.15,64.88,64.88,64.88,64.88,53.00,53.00,53.00,53.00,48.00,48.00,48.00,48.00,,,,,,,,,72.85,72.85,72.85,72.85
"Castro, Socorro",52601,0759215,0759215,scccd.instructure.com,CHEM-3A-43958-2025FA,,2.00,25.00,69.00,23.00,19.00,62.00,65.00,180.70,0.00,200.00,40.00,200.00,30.00,194.00,200.00,180.00,198.00,199.00,200.00,197.00,195.00,190.00,70.00,50.00,89.40,64.70,N/A,N/A,N/A,55.00,70.00,95.00,,,10.00,,,0.00,0.00,88.81,88.81,88.81,88.81,102.15,102.15,102.15,102.15,68.53,68.53,68.53,68.53,55.00,55.00,55.00,55.00,70.00,70.00,70.00,70.00,,,,,,,,,76.08,76.08,76.08,76.08
"Ceballos, Ariel",262951,0576373,0576373,scccd.instructure.com,CHEM-3A-43957-2025FA,,2.00,25.00,70.00,19.00,21.00,53.00,70.00,0.00,0.00,200.00,40.00,200.00,14.00,195.00,200.00,155.00,198.00,192.00,183.00,199.00,200.00,179.00,58.00,75.60,62.40,61.20,N/A,N/A,N/A,58.00,58.00,93.00,0.00,0.00,6.00,,,,,89.61,89.61,89.61,89.61,100.00,100.00,100.00,100.00,64.30,64.30,64.30,64.30,58.00,58.00,58.00,58.00,58.00,58.00,58.00,58.00,,,,,,,,,72.51,72.51,72.51,72.51
"Corea, Kristie",363178,0994114,0994114,scccd.instructure.com,CHEM-3A-43957-2025FA,,2.00,23.00,78.00,22.00,25.00,68.00,75.00,200.00,190.48,200.00,35.00,188.00,30.00,175.00,200.00,195.00,185.00,199.00,198.00,199.00,178.00,192.00,34.00,46.30,57.60,49.40,N/A,N/A,N/A,43.00,34.00,83.00,,,,24.00,,,,97.83,97.83,97.83,97.83,99.95,99.95,99.95,99.95,46.83,46.83,46.83,46.83,43.00,43.00,43.00,43.00,34.00,34.00,34.00,34.00,,,,,,,,,60.97,60.97,60.97,60.97
"Cuevas Romero, Daniela",402386,1024952,1024952,scccd.instructure.com,CHEM-3A-43957-2025FA,,2.00,25.00,74.00,23.00,23.00,62.00,75.00,0.00,0.00,200.00,40.00,197.00,28.00,175.00,180.00,140.00,140.00,190.00,167.00,185.00,195.00,165.00,80.00,95.10,75.30,32.00,N/A,N/A,N/A,0.00,32.00,95.00,,,,,,,,96.10,96.10,96.10,96.10,93.10,93.10,93.10,93.10,70.60,70.60,70.60,70.60,0.00,0.00,0.00,0.00,32.00,32.00,32.00,32.00,,,,,,,,,70.41,70.41,70.41,70.41
"Esparza, Beatrice",219842,0888543,0888543,scccd.instructure.com,CHEM-3A-43957-2025FA,,2.00,25.00,78.00,23.00,24.00,62.00,75.00,0.00,0.00,200.00,40.00,200.00,0.00,152.00,200.00,160.00,200.00,198.00,50.00,198.00,195.00,199.00,26.70,36.00,82.40,23.50,N/A,N/A,N/A,36.00,36.00,74.00,0.00,,8.00,,,,,98.27,98.27,98.27,98.27,97.10,97.10,97.10,97.10,42.15,42.15,42.15,42.15,36.00,36.00,36.00,36.00,36.00,36.00,36.00,36.00,,,,,,,,,57.89,57.89,57.89,57.89
"Fang, Pa",455057,0737921,0737921,scccd.instructure.com,CHEM-3A-43957-2025FA,,2.00,25.00,71.00,17.00,24.00,62.00,75.00,0.00,0.00,200.00,40.00,180.00,30.00,172.00,200.00,199.00,198.00,195.00,200.00,199.00,200.00,199.00,20.00,35.40,27.10,48.20,N/A,N/A,N/A,40.00,0.00,95.00,,,6.60,79.80,,,,93.50,93.50,93.50,93.50,102.00,102.00,102.00,102.00,32.68,32.68,32.68,32.68,40.00,40.00,40.00,40.00,0.00,0.00,0.00,0.00,,,,,,,,,49.30,49.30,49.30,49.30
"Gamez, Sergio",421661,1039936,1039936,scccd.instructure.com,CHEM-3A-43957-2025FA,,2.00,25.00,73.00,15.00,12.00,25.00,0.00,0.00,0.00,180.00,,197.00,17.00,180.00,200.00,145.00,188.00,120.00,105.00,135.00,188.00,198.00,46.70,61.00,52.90,34.00,N/A,N/A,N/A,68.00,34.00,100.00,0.00,,,,,,,66.96,66.96,66.96,66.96,87.40,87.40,87.40,87.40,48.65,48.65,48.65,48.65,68.00,68.00,68.00,68.00,34.00,34.00,34.00,34.00,,,,,,,,,56.71,56.71,56.71,56.71
"Garcia-Hernandez, Allison",450249,1063699,1063699,scccd.instructure.com,CHEM-3A-43958-2025FA,,2.00,25.00,79.00,24.00,22.00,65.00,75.00,0.00,0.00,200.00,40.00,200.00,29.00,0.00,0.00,183.00,199.00,175.00,0.00,198.00,200.00,0.00,33.30,57.30,50.60,40.00,N/A,N/A,N/A,41.00,0.00,51.00,,,,,7.00,,,98.27,98.27,98.27,98.27,71.20,71.20,71.20,71.20,45.30,45.30,45.30,45.30,41.00,41.00,41.00,41.00,0.00,0.00,0.00,0.00,,,,,,,,,52.39,52.39,52.39,52.39
"Garcia, Andres",71463,0790131,0790131,scccd.instructure.com,CHEM-3A-43957-2025FA,,2.00,25.00,79.00,25.00,25.00,71.00,70.00,196.49,195.24,196.00,40.00,200.00,30.00,200.00,200.00,189.00,187.00,180.00,198.00,198.00,200.00,199.00,66.70,69.50,65.90,65.90,N/A,N/A,N/A,57.00,52.00,90.00,,,,,,,,100.00,100.00,100.00,100.00,101.85,101.85,101.85,101.85,67.00,67.00,67.00,67.00,57.00,57.00,57.00,57.00,52.00,52.00,52.00,52.00,,,,,,,,,75.18,75.18,75.18,75.18
"Garcia, Jovanna",57112,0778750,0778750,scccd.instructure.com,CHEM-3A-43958-2025FA,,2.00,25.00,76.00,25.00,25.00,62.00,68.00,198.25,185.71,200.00,40.00,200.00,27.00,200.00,200.00,188.00,183.00,190.00,200.00,197.00,195.00,190.00,53.30,67.10,89.40,81.20,N/A,N/A,N/A,56.00,52.00,93.00,,,,,,,0.00,95.67,95.67,95.67,95.67,101.35,101.35,101.35,101.35,72.75,72.75,72.75,72.75,56.00,56.00,56.00,56.00,52.00,52.00,52.00,52.00,,,,,,,,,77.57,77.57,77.57,77.57
"Garcia, Sabrina",63765,0490011,0490011,scccd.instructure.com,CHEM-3A-43957-2025FA,,2.00,25.00,75.00,25.00,24.00,68.00,68.00,0.00,0.00,200.00,40.00,192.00,0.00,170.00,200.00,145.00,183.00,0.00,0.00,0.00,0.00,0.00,40.00,31.70,38.80,32.00,N/A,N/A,N/A,56.00,32.00,86.00,0.00,,8.00,,,,,96.48,96.48,96.48,96.48,56.50,56.50,56.50,56.50,35.63,35.63,35.63,35.63,56.00,56.00,56.00,56.00,32.00,32.00,32.00,32.00,,,,,,,,,48.54,48.54,48.54,48.54
"Garza, Liliana",245634,0910945,0910945,scccd.instructure.com,CHEM-3A-43958-2025FA,,2.00,0.00,73.00,22.00,25.00,68.00,0.00,0.00,0.00,200.00,35.00,180.00,,180.00,200.00,188.00,200.00,195.00,0.00,0.00,0.00,0.00,50.00,45.10,0.00,30.00,N/A,N/A,N/A,51.00,30.00,90.00,,,,,,,,83.70,83.70,83.70,83.70,68.90,68.90,68.90,68.90,31.28,31.28,31.28,31.28,51.00,51.00,51.00,51.00,30.00,30.00,30.00,30.00,,,,,,,,,45.64,45.64,45.64,45.64
"Her, Kangbao",276149,0928878,0928878,scccd.instructure.com,CHEM-3A-43958-2025FA,,2.00,25.00,71.00,14.00,23.00,59.00,72.00,0.00,0.00,200.00,40.00,200.00,14.00,200.00,200.00,182.00,200.00,198.00,200.00,180.00,200.00,199.00,63.30,59.80,63.50,48.00,N/A,EX,N/A,55.00,48.00,100.00,,,,,,0.00,0.00,90.97,90.97,90.97,90.97,101.65,101.65,101.65,101.65,58.65,58.65,58.65,58.65,55.00,55.00,55.00,55.00,48.00,48.00,48.00,48.00,,,,,,,,,68.70,68.70,68.70,68.70
"Hernan, Jazmine",200406,0871988,0871988,scccd.instructure.com,CHEM-3A-43957-2025FA,,2.00,25.00,74.00,23.00,23.00,62.00,0.00,0.00,0.00,200.00,40.00,180.00,30.00,200.00,185.00,189.00,188.00,196.00,198.00,185.00,200.00,198.00,23.30,52.40,45.90,32.00,N/A,N/A,N/A,30.00,32.00,100.00,,,,38.60,,,,92.07,92.07,92.07,92.07,100.45,100.45,100.45,100.45,38.40,38.40,38.40,38.40,30.00,30.00,30.00,30.00,32.00,32.00,32.00,32.00,,,,,,,,,54.70,54.70,54.70,54.70
"Hernandez Salcedo, Belen",350136,0982244,0982244,scccd.instructure.com,CHEM-3A-43958-2025FA,,2.00,24.00,71.00,18.00,0.00,47.00,75.00,0.00,0.00,170.00,35.00,192.00,27.00,195.00,190.00,181.00,200.00,165.00,198.00,0.00,0.00,0.00,46.70,57.30,32.90,28.20,N/A,N/A,N/A,43.00,28.00,90.00,,,,,,,,85.56,85.56,85.56,85.56,77.65,77.65,77.65,77.65,41.28,41.28,41.28,41.28,43.00,43.00,43.00,43.00,28.00,28.00,28.00,28.00,,,,,,,,,52.13,52.13,52.13,52.13
"Hernandez, Arriel",420243,1038679,1038679,scccd.instructure.com,CHEM-3A-43958-2025FA,,2.00,25.00,79.00,24.00,22.00,59.00,70.00,0.00,0.00,200.00,,200.00,,200.00,200.00,198.00,200.00,198.00,200.00,183.00,197.00,197.00,43.30,56.10,35.30,54.10,N/A,N/A,N/A,61.00,30.00,79.00,,,,,,,,96.10,96.10,96.10,96.10,99.50,99.50,99.50,99.50,47.20,47.20,47.20,47.20,61.00,61.00,61.00,61.00,30.00,30.00,30.00,30.00,,,,,,,,,61.35,61.35,61.35,61.35
"Jimenez Merino, Oscar",317763,0958268,0958268,scccd.instructure.com,CHEM-3A-43958-2025FA,,2.00,25.00,75.00,21.00,21.00,64.00,75.00,0.00,0.00,200.00,40.00,196.00,24.00,195.00,200.00,199.00,200.00,196.00,197.00,195.00,199.00,185.00,56.70,79.30,68.20,52.00,N/A,N/A,N/A,81.00,52.00,100.00,,,,82.00,,,,94.81,94.81,94.81,94.81,102.05,102.05,102.05,102.05,64.05,64.05,64.05,64.05,81.00,81.00,81.00,81.00,52.00,52.00,52.00,52.00,,,,,,,,,74.01,74.01,74.01,74.01
"Khan, Hamza",426570,1043694,1043694,scccd.instructure.com,CHEM-3A-43958-2025FA,,2.00,25.00,77.00,24.00,23.00,71.00,75.00,194.74,195.24,200.00,40.00,198.00,30.00,199.00,200.00,197.00,200.00,192.00,200.00,200.00,200.00,199.00,EX,86.60,85.90,77.60,89.20,N/A,N/A,68.00,58.00,92.00,,,10.00,,,0.00,0.00,98.92,98.92,98.92,98.92,103.15,103.15,103.15,103.15,84.83,84.83,84.83,84.83,68.00,68.00,68.00,68.00,58.00,58.00,58.00,58.00,,,,,,,,,86.16,86.16,86.16,86.16
"Landeros, Hidai",368972,0997908,0997908,scccd.instructure.com,CHEM-3A-43958-2025FA,,2.00,0.00,72.00,24.00,24.00,0.00,0.00,0.00,0.00,0.00,,0.00,,0.00,0.00,0.00,0.00,0.00,0.00,0.00,0.00,0.00,53.30,37.80,0.00,0.00,N/A,N/A,N/A,0.00,0.00,34.00,,,,,,,,53.74,53.74,53.74,53.74,0.00,0.00,0.00,0.00,22.78,22.78,22.78,22.78,0.00,0.00,0.00,0.00,0.00,0.00,0.00,0.00,,,,,,,,,20.59,20.59,20.59,20.59
"Lopez, Jovina",406119,1028207,1028207,scccd.instructure.com,CHEM-3A-43957-2025FA,,2.00,0.00,71.00,20.00,22.00,71.00,75.00,0.00,171.43,200.00,40.00,200.00,30.00,195.00,200.00,200.00,163.00,180.00,192.00,182.00,199.00,187.00,50.00,37.80,30.00,36.50,N/A,N/A,N/A,41.00,30.00,79.00,,,5.50,73.90,,,,94.22,94.22,94.22,94.22,100.25,100.25,100.25,100.25,38.58,38.58,38.58,38.58,41.00,41.00,41.00,41.00,30.00,30.00,30.00,30.00,,,,,,,,,55.44,55.44,55.44,55.44
"Maravilla Martinez, Rogelio",342904,0977963,0977963,scccd.instructure.com,CHEM-3A-43958-2025FA,,2.00,25.00,72.00,25.00,25.00,62.00,74.00,194.74,190.48,200.00,40.00,188.00,29.00,198.00,200.00,200.00,200.00,170.00,0.00,0.00,0.00,0.00,43.30,69.50,EX,51.80,N/A,N/A,43.00,62.00,46.00,98.00,,,,,,,,96.54,96.54,96.54,96.54,71.25,71.25,71.25,71.25,51.90,51.90,51.90,51.90,62.00,62.00,62.00,62.00,46.00,46.00,46.00,46.00,,,,,,,,,61.41,61.41,61.41,61.41
"Marquez, Rocelia",172013,0345856,0345856,scccd.instructure.com,CHEM-3A-43957-2025FA,,2.00,25.00,69.00,19.00,24.00,56.00,75.00,0.00,0.00,200.00,40.00,200.00,28.00,200.00,200.00,191.00,187.00,198.00,199.00,199.00,200.00,197.00,63.30,57.30,41.20,50.00,N/A,N/A,N/A,32.00,50.00,98.00,0.00,,,31.90,6.50,,,92.64,92.64,92.64,92.64,102.60,102.60,102.60,102.60,52.95,52.95,52.95,52.95,32.00,32.00,32.00,32.00,50.00,50.00,50.00,50.00,,,,,,,,,65.01,65.01,65.01,65.01
"Martinez, Nessa",113446,0808147,0808147,scccd.instructure.com,CHEM-3A-43958-2025FA,,2.00,25.00,65.00,18.00,16.00,35.00,75.00,0.00,0.00,200.00,,200.00,,200.00,200.00,182.00,200.00,194.00,185.00,0.00,0.00,0.00,46.70,63.40,35.30,12.90,N/A,N/A,N/A,0.00,0.00,88.00,,,,,,,,87.01,87.01,87.01,87.01,78.05,78.05,78.05,78.05,39.58,39.58,39.58,39.58,0.00,0.00,0.00,0.00,0.00,0.00,0.00,0.00,,,,,,,,,46.53,46.53,46.53,46.53
"McGill, Abbey",400847,1023372,1023372,scccd.instructure.com,CHEM-3A-43958-2025FA,,2.00,20.00,71.00,16.00,17.00,52.00,71.00,0.00,0.00,180.00,20.00,0.00,21.00,180.00,170.00,169.00,200.00,0.00,0.00,0.00,0.00,0.00,50.00,0.00,0.00,0.00,N/A,N/A,N/A,0.00,0.00,63.00,,,,,,,,85.28,85.28,85.28,85.28,47.00,47.00,47.00,47.00,12.50,12.50,12.50,12.50,0.00,0.00,0.00,0.00,0.00,0.00,0.00,0.00,,,,,,,,,26.72,26.72,26.72,26.72
"Morgan, Steve",416761,0684403,0684403,scccd.instructure.com,CHEM-3A-43958-2025FA,,2.00,25.00,72.00,23.00,22.00,68.00,75.00,0.00,185.71,180.00,35.00,200.00,30.00,200.00,200.00,192.00,200.00,199.00,200.00,190.00,200.00,0.00,70.00,70.70,71.80,61.20,N/A,N/A,N/A,58.00,42.00,93.00,,,,20.00,,,,96.41,96.41,96.41,96.41,101.30,101.30,101.30,101.30,68.43,68.43,68.43,68.43,58.00,58.00,58.00,58.00,42.00,42.00,42.00,42.00,,,,,,,,,74.39,74.39,74.39,74.39
"Moua, Haley",354430,0986455,0986455,scccd.instructure.com,CHEM-3A-43957-2025FA,,2.00,18.00,75.00,15.00,19.00,58.00,69.00,0.00,0.00,200.00,30.00,150.00,30.00,165.00,170.00,177.00,0.00,195.00,0.00,0.00,0.00,0.00,33.30,54.90,48.20,52.90,N/A,N/A,N/A,57.00,32.00,78.00,,,,,,,,87.00,87.00,87.00,87.00,55.85,55.85,55.85,55.85,47.33,47.33,47.33,47.33,57.00,57.00,57.00,57.00,32.00,32.00,32.00,32.00,,,,,,,,,53.51,53.51,53.51,53.51
"Munoz Cisneros, Evelyn",433708,1047765,1047765,scccd.instructure.com,CHEM-3A-43957-2025FA,,2.00,0.00,68.00,11.00,9.00,26.00,0.00,0.00,0.00,200.00,20.00,180.00,28.00,190.00,200.00,188.00,187.00,198.00,200.00,199.00,184.00,197.00,23.30,46.30,30.00,31.80,N/A,N/A,N/A,60.00,30.00,98.00,,,,,,,,51.10,51.10,51.10,51.10,99.55,99.55,99.55,99.55,32.85,32.85,32.85,32.85,60.00,60.00,60.00,60.00,30.00,30.00,30.00,30.00,,,,,,,,,46.67,46.67,46.67,46.67
"Musso, Robin",391867,1014825,1014825,scccd.instructure.com,CHEM-3A-43958-2025FA,,2.00,25.00,65.00,20.00,15.00,50.00,73.00,0.00,0.00,200.00,40.00,180.00,25.00,185.00,180.00,193.00,200.00,170.00,192.00,169.00,200.00,199.00,80.00,75.60,81.20,64.70,N/A,N/A,N/A,80.00,44.00,98.00,,,,,,,,86.58,86.58,86.58,86.58,98.20,98.20,98.20,98.20,75.38,75.38,75.38,75.38,80.00,80.00,80.00,80.00,44.00,44.00,44.00,44.00,,,,,,,,,77.57,77.57,77.57,77.57
"Negrete, Miguel",342330,0977589,0977589,scccd.instructure.com,CHEM-3A-43958-2025FA,,2.00,25.00,73.00,25.00,21.00,71.00,65.00,0.00,0.00,200.00,,170.00,30.00,185.00,200.00,178.00,200.00,192.00,183.00,180.00,200.00,192.00,EX,80.50,71.80,48.20,82.90,N/A,N/A,62.00,42.00,88.00,,,,,,,,95.59,95.59,95.59,95.59,97.00,97.00,97.00,97.00,70.85,70.85,70.85,70.85,62.00,62.00,62.00,62.00,42.00,42.00,42.00,42.00,,,,,,,,,75.16,75.16,75.16,75.16
"Nounvilaythong, Samaria",389426,1012960,1012960,scccd.instructure.com,CHEM-3A-43957-2025FA,,2.00,25.00,70.00,20.00,19.00,50.00,0.00,0.00,0.00,200.00,40.00,200.00,18.00,185.00,200.00,192.00,192.00,194.00,105.00,155.00,0.00,184.00,63.30,65.90,45.90,45.90,N/A,N/A,N/A,59.00,34.00,85.00,0.00,,,,,,,81.94,81.94,81.94,81.94,93.25,93.25,93.25,93.25,55.25,55.25,55.25,55.25,59.00,59.00,59.00,59.00,34.00,34.00,34.00,34.00,,,,,,,,,63.02,63.02,63.02,63.02
"Olea, Joscelyne",421605,1039827,1039827,scccd.instructure.com,CHEM-3A-43957-2025FA,,2.00,25.00,79.00,24.00,25.00,62.00,75.00,200.00,190.48,200.00,40.00,160.00,30.00,185.00,200.00,198.00,200.00,199.00,200.00,199.00,200.00,199.00,73.30,78.00,78.80,58.80,N/A,N/A,N/A,78.00,40.00,93.00,0.00,,,,10.00,,,99.57,99.57,99.57,99.57,102.50,102.50,102.50,102.50,72.23,72.23,72.23,72.23,78.00,78.00,78.00,78.00,40.00,40.00,40.00,40.00,,,,,,,,,77.93,77.93,77.93,77.93
"Parada, Jennifer",78778,0792916,0792916,scccd.instructure.com,CHEM-3A-43958-2025FA,,2.00,25.00,73.00,25.00,23.00,65.00,75.00,178.95,157.14,200.00,40.00,200.00,30.00,200.00,200.00,185.00,200.00,198.00,200.00,199.00,200.00,200.00,EX,59.80,75.30,60.00,73.40,N/A,N/A,53.00,52.00,98.00,,,,77.70,,0.00,0.00,96.54,96.54,96.54,96.54,103.35,103.35,103.35,103.35,67.13,67.13,67.13,67.13,53.00,53.00,53.00,53.00,52.00,52.00,52.00,52.00,,,,,,,,,74.75,74.75,74.75,74.75
"Pascale, Teah",416407,1035199,1035199,scccd.instructure.com,CHEM-3A-43957-2025FA,,2.00,25.00,76.00,18.00,24.00,62.00,72.00,180.70,190.48,200.00,40.00,188.00,21.00,185.00,200.00,185.00,192.00,195.00,200.00,198.00,200.00,199.00,50.00,57.30,50.60,38.80,N/A,N/A,N/A,71.00,36.00,93.00,0.00,,,57.20,,,,94.22,94.22,94.22,94.22,100.90,100.90,100.90,100.90,49.18,49.18,49.18,49.18,71.00,71.00,71.00,71.00,36.00,36.00,36.00,36.00,,,,,,,,,63.46,63.46,63.46,63.46
"Pedroza, Serena",228768,0895473,0895473,scccd.instructure.com,CHEM-3A-43957-2025FA,,2.00,25.00,79.00,23.00,25.00,71.00,75.00,192.98,0.00,200.00,40.00,140.00,30.00,200.00,200.00,190.00,199.00,199.00,200.00,199.00,200.00,199.00,46.70,72.00,67.10,69.40,N/A,N/A,EX,72.00,34.00,90.00,,,,81.10,,0.00,,100.00,100.00,100.00,100.00,102.80,102.80,102.80,102.80,63.80,63.80,63.80,63.80,72.00,72.00,72.00,72.00,34.00,34.00,34.00,34.00,,,,,,,,,72.51,72.51,72.51,72.51
"Perales, April",152997,0833771,0833771,scccd.instructure.com,CHEM-3A-43958-2025FA,,2.00,25.00,74.00,20.00,24.00,71.00,75.00,0.00,0.00,200.00,40.00,180.00,18.00,180.00,200.00,120.00,200.00,195.00,161.00,0.00,0.00,0.00,43.30,41.50,38.80,0.00,N/A,N/A,N/A,0.00,0.00,79.00,,,,,,,,97.83,97.83,97.83,97.83,74.70,74.70,74.70,74.70,30.90,30.90,30.90,30.90,0.00,0.00,0.00,0.00,0.00,0.00,0.00,0.00,,,,,,,,,42.88,42.88,42.88,42.88
"Pyle, Matt",8777,0523330,0523330,scccd.instructure.com,CHEM-3A-43957-2025FA,,2.00,25.00,73.00,20.00,22.00,62.00,74.00,0.00,157.14,200.00,40.00,188.00,30.00,180.00,185.00,191.00,185.00,199.00,195.00,200.00,200.00,188.00,EX,72.00,62.40,65.90,79.70,N/A,N/A,54.00,42.00,94.00,0.00,,,62.00,,0.00,,93.51,93.51,93.51,93.51,100.05,100.05,100.05,100.05,70.00,70.00,70.00,70.00,54.00,54.00,54.00,54.00,42.00,42.00,42.00,42.00,,,,,,,,,74.43,74.43,74.43,74.43
"Rodriguez, Ericke",283437,0934915,0934915,scccd.instructure.com,CHEM-3A-43958-2025FA,,2.00,25.00,79.00,23.00,24.00,65.00,75.00,0.00,0.00,200.00,40.00,200.00,,185.00,200.00,200.00,200.00,187.00,200.00,197.00,200.00,200.00,EX,69.50,47.10,54.10,74.10,N/A,N/A,66.00,42.00,83.00,,,,,,,,98.70,98.70,98.70,98.70,101.20,101.20,101.20,101.20,61.20,61.20,61.20,61.20,66.00,66.00,66.00,66.00,42.00,42.00,42.00,42.00,,,,,,,,,71.15,71.15,71.15,71.15
"Rodriguez, Madison",419510,0574404,0574404,scccd.instructure.com,CHEM-3A-43958-2025FA,,2.00,25.00,70.00,22.00,23.00,65.00,0.00,0.00,0.00,200.00,40.00,192.00,30.00,200.00,200.00,199.00,0.00,200.00,199.00,199.00,197.00,198.00,44.00,70.70,44.70,43.50,N/A,N/A,N/A,52.00,44.00,85.00,0.00,,8.00,,,,,91.19,91.19,91.19,91.19,102.70,102.70,102.70,102.70,50.73,50.73,50.73,50.73,52.00,52.00,52.00,52.00,44.00,44.00,44.00,44.00,,,,,,,,,63.98,63.98,63.98,63.98
"Ross, Derick",323890,0964444,0964444,scccd.instructure.com,CHEM-3A-43957-2025FA,,2.00,25.00,73.00,24.00,25.00,64.00,75.00,200.00,0.00,200.00,40.00,120.00,28.00,180.00,195.00,170.00,189.00,195.00,195.00,171.00,193.00,199.00,46.70,78.00,83.50,90.60,N/A,N/A,N/A,60.00,78.00,90.00,,,,,,,,96.97,96.97,96.97,96.97,97.75,97.75,97.75,97.75,74.70,74.70,74.70,74.70,60.00,60.00,60.00,60.00,78.00,78.00,78.00,78.00,,,,,,,,,81.09,81.09,81.09,81.09
"San Roman, Jesus",427030,0547169,0547169,scccd.instructure.com,CHEM-3A-43958-2025FA,,2.00,25.00,72.00,22.00,21.00,44.00,75.00,191.23,185.71,200.00,40.00,200.00,,200.00,200.00,200.00,190.00,199.00,199.00,198.00,200.00,200.00,EX,68.30,74.10,70.60,84.50,N/A,N/A,76.00,46.00,98.00,,,6.00,,6.00,0.00,,93.94,93.94,93.94,93.94,101.80,101.80,101.80,101.80,74.38,74.38,74.38,74.38,76.00,76.00,76.00,76.00,46.00,46.00,46.00,46.00,,,,,,,,,78.67,78.67,78.67,78.67
"Sandoval, Emily",399807,1022282,1022282,scccd.instructure.com,CHEM-3A-43957-2025FA,,2.00,0.00,0.00,23.00,0.00,0.00,0.00,0.00,0.00,200.00,,188.00,,165.00,200.00,165.00,192.00,195.00,190.00,195.00,200.00,189.00,60.00,38.00,47.10,38.80,N/A,N/A,N/A,47.00,38.00,80.00,,,,,,,,11.21,11.21,11.21,11.21,95.70,95.70,95.70,95.70,45.98,45.98,45.98,45.98,47.00,47.00,47.00,47.00,38.00,38.00,38.00,38.00,,,,,,,,,47.47,47.47,47.47,47.47
"Santos, Madi",266425,0924739,0924739,scccd.instructure.com,CHEM-3A-43957-2025FA,,2.00,25.00,60.00,20.00,24.00,65.00,75.00,0.00,0.00,200.00,40.00,195.00,28.00,200.00,200.00,190.00,190.00,199.00,198.00,198.00,200.00,190.00,43.30,58.50,51.80,81.20,N/A,N/A,EX,50.00,28.00,95.00,,,,12.40,6.50,,,94.62,94.62,94.62,94.62,101.90,101.90,101.90,101.90,58.70,58.70,58.70,58.70,50.00,50.00,50.00,50.00,28.00,28.00,28.00,28.00,,,,,,,,,67.06,67.06,67.06,67.06
"Sarkisyan, Rita",223588,0891883,0891883,scccd.instructure.com,CHEM-3A-43957-2025FA,,2.00,25.00,71.00,16.00,20.00,61.00,65.00,0.00,0.00,200.00,40.00,0.00,30.00,185.00,200.00,190.00,200.00,193.00,184.00,198.00,195.00,199.00,40.00,EX,60.00,48.20,N/A,54.10,N/A,42.00,22.00,90.00,,,,18.10,,0.00,0.00,88.09,88.09,88.09,88.09,100.70,100.70,100.70,100.70,50.58,50.58,50.58,50.58,42.00,42.00,42.00,42.00,22.00,22.00,22.00,22.00,,,,,,,,,60.43,60.43,60.43,60.43
"Snell, Tricia",457684,1068669,1068669,scccd.instructure.com,CHEM-3A-43957-2025FA,,2.00,25.00,79.00,21.00,21.00,59.00,75.00,180.70,180.95,200.00,,200.00,30.00,200.00,200.00,198.00,200.00,199.00,200.00,199.00,200.00,199.00,93.30,98.80,96.50,87.10,N/A,N/A,N/A,89.00,72.00,100.00,,,10.00,80.80,5.50,0.00,0.00,96.54,96.54,96.54,96.54,101.35,101.35,101.35,101.35,93.93,93.93,93.93,93.93,89.00,89.00,89.00,89.00,72.00,72.00,72.00,72.00,,,,,,,,,92.99,92.99,92.99,92.99
"Tacadena, Elle",229934,0896290,0896290,scccd.instructure.com,CHEM-3A-43957-2025FA,,2.00,25.00,70.00,18.00,20.00,47.00,70.00,0.00,0.00,200.00,35.00,185.00,23.00,195.00,188.00,178.00,188.00,196.00,192.00,191.00,200.00,198.00,56.70,64.60,55.30,36.50,N/A,N/A,EX,47.00,32.00,91.00,,,6.80,26.20,,,,88.74,88.74,88.74,88.74,99.55,99.55,99.55,99.55,53.28,53.28,53.28,53.28,47.00,47.00,47.00,47.00,32.00,32.00,32.00,32.00,,,,,,,,,63.10,63.10,63.10,63.10
"Vargas, Lisa",49030,0775232,0775232,scccd.instructure.com,CHEM-3A-43957-2025FA,,2.00,25.00,77.00,17.00,4.00,53.00,72.00,189.47,180.95,200.00,40.00,130.00,23.00,170.00,175.00,150.00,140.00,190.00,165.00,170.00,171.00,0.00,36.70,35.40,57.60,27.10,N/A,N/A,N/A,18.00,20.00,87.00,0.00,0.00,7.00,38.50,,,,88.81,88.81,88.81,88.81,86.20,86.20,86.20,86.20,39.20,39.20,39.20,39.20,18.00,18.00,18.00,18.00,20.00,20.00,20.00,20.00,,,,,,,,,50.71,50.71,50.71,50.71
"Wright, Rebecca",282679,0934216,0934216,scccd.instructure.com,CHEM-3A-43957-2025FA,,2.00,25.00,71.00,21.00,24.00,71.00,75.00,200.00,180.95,200.00,40.00,180.00,30.00,184.00,200.00,196.00,198.00,190.00,200.00,188.00,199.00,199.00,EX,43.90,65.90,48.20,71.80,N/A,N/A,60.00,32.00,93.00,0.00,,,,,0.00,0.00,97.76,97.76,97.76,97.76,101.20,101.20,101.20,101.20,57.45,57.45,57.45,57.45,60.00,60.00,60.00,60.00,32.00,32.00,32.00,32.00,,,,,,,,,67.64,67.64,67.64,67.64
"Xiong, Wendy",367524,0997376,0997376,scccd.instructure.com,CHEM-3A-43958-2025FA,,2.00,25.00,77.00,19.00,21.00,65.00,71.00,0.00,0.00,200.00,40.00,180.00,30.00,165.00,200.00,194.00,200.00,198.00,199.00,182.00,193.00,0.00,43.30,78.00,EX,52.90,N/A,N/A,76.00,65.00,32.00,90.00,,,,,,,,94.22,94.22,94.22,94.22,99.05,99.05,99.05,99.05,62.55,62.55,62.55,62.55,65.00,65.00,65.00,65.00,32.00,32.00,32.00,32.00,,,,,,,,,69.84,69.84,69.84,69.84
"Zavala, Nia",58366,0754151,0754151,scccd.instructure.com,CHEM-3A-43958-2025FA,,2.00,25.00,73.00,21.00,21.00,67.00,75.00,0.00,0.00,200.00,40.00,200.00,26.00,200.00,200.00,190.00,200.00,192.00,200.00,197.00,200.00,200.00,46.70,61.00,50.60,38.00,N/A,N/A,N/A,52.00,38.00,75.00,,,,,6.00,,,94.95,94.95,94.95,94.95,102.75,102.75,102.75,102.75,49.08,49.08,49.08,49.08,52.00,52.00,52.00,52.00,38.00,38.00,38.00,38.00,,,,,,,,,63.05,63.05,63.05,63.05
"Student, Test",472475,,152d43ef569263363391a151fc2de340cad22b14,scccd.instructure.com,CHEM-3A-43957-2025FA and CHEM-3A-43958-2025FA,,,0.00,0.00,0.00,,0.00,,0.00,0.00,,,,,0.00,0.00,0.00,0.00,0.00,0.00,0.00,0.00,0.00,,,,,N/A,N/A,N/A,,,,,,,,,,,0.00,0.00,0.00,0.00,0.00,0.00,0.00,0.00,,,0.00,0.00,,,0.00,0.00,,,0.00,0.00,,,,,,,,,0.00,0.00,0.00,0.00
